{
  "project_info": {
    "project_number": "400173842630",
    "project_id": "doctor-care-9ba65",
    "storage_bucket": "doctor-care-9ba65.appspot.com"
  },
  "client": [
    {
      "client_info": {
        "mobilesdk_app_id": "1:400173842630:android:9a3fb15cd44f164bfb57c7",
        "android_client_info": {
          "package_name": "com.example.doctrocareapp"
        }
      },
      "oauth_client": [
        {
          "client_id": "400173842630-upm0mp9j6jf5osohfue12dht0u0acc3n.apps.googleusercontent.com",
          "client_type": 3
        }
      ],
      "api_key": [
        {
          "current_key": "AIzaSyDwEziXlBW4ZJ1eih5PHy6unZ8yfn9czQg"
        }
      ],
      "services": {
        "appinvite_service": {
          "other_platform_oauth_client": [
            {
              "client_id": "400173842630-upm0mp9j6jf5osohfue12dht0u0acc3n.apps.googleusercontent.com",
              "client_type": 3
            }
          ]
        }
      }
    }
  ],
  "configuration_version": "1"
}